{"cameraMode":{"drawMode":0,"name":"Shaded","section":"Shading Mode"},"sceneLighting":true,"audioPlay":false,"sceneViewState":{"showFog":true,"showMaterialUpdate":false,"showSkybox":true,"showFlares":true,"showImageEffects":true,"showParticleSystems":true},"in2DMode":false,"pivot":{"x":-0.17037177085876466,"y":0.8948246836662293,"z":-27.828144073486329},"rotation":{"x":0.0027992844115942718,"y":-0.997195303440094,"z":0.05451207235455513,"w":0.051207758486270908},"size":4.54492712020874,"orthographic":false}