{"cameraMode":{"drawMode":0,"name":"Shaded","section":"Shading Mode"},"sceneLighting":false,"audioPlay":false,"sceneViewState":{"showFog":true,"showMaterialUpdate":false,"showSkybox":true,"showFlares":true,"showImageEffects":true,"showParticleSystems":true},"in2DMode":false,"pivot":{"x":0.6300000548362732,"y":0.5,"z":-7.610000133514404},"rotation":{"x":0.0027992844115942718,"y":-0.997195303440094,"z":0.05451207235455513,"w":0.051207758486270908},"size":14.289420127868653,"orthographic":false}