{"cameraMode":{"drawMode":0,"name":"Shaded","section":"Shading Mode"},"sceneLighting":false,"audioPlay":false,"sceneViewState":{"showFog":true,"showMaterialUpdate":false,"showSkybox":true,"showFlares":true,"showImageEffects":true,"showParticleSystems":true},"in2DMode":false,"pivot":{"x":-0.4909999966621399,"y":1.4819999933242798,"z":0.4000000059604645},"rotation":{"x":-0.2571291923522949,"y":0.020580006763339044,"z":-0.005477008875459433,"w":-0.9661423563957214},"size":0.4041661024093628,"orthographic":false}