{"cameraMode":{"drawMode":0,"name":"Shaded","section":"Shading Mode"},"sceneLighting":true,"audioPlay":false,"sceneViewState":{"showFog":true,"showMaterialUpdate":false,"showSkybox":true,"showFlares":true,"showImageEffects":true,"showParticleSystems":true},"in2DMode":false,"pivot":{"x":9.425304412841797,"y":-57.62173080444336,"z":89.0107421875},"rotation":{"x":-0.2571291923522949,"y":0.020580006763339044,"z":-0.005477008875459433,"w":-0.9661423563957214},"size":204.5836944580078,"orthographic":false}