{"cameraMode":{"drawMode":0,"name":"Shaded","section":"Shading Mode"},"sceneLighting":false,"audioPlay":false,"sceneViewState":{"showFog":true,"showMaterialUpdate":false,"showSkybox":true,"showFlares":true,"showImageEffects":true,"showParticleSystems":true},"in2DMode":false,"pivot":{"x":-0.6728819608688355,"y":1.4893407821655274,"z":0.372726708650589},"rotation":{"x":-0.039750222116708758,"y":0.6964226961135864,"z":-0.03869129344820976,"w":-0.7154846787452698},"size":0.4041661024093628,"orthographic":false}