{"cameraMode":{"drawMode":0,"name":"Shaded","section":"Shading Mode"},"sceneLighting":false,"audioPlay":false,"sceneViewState":{"showFog":true,"showMaterialUpdate":false,"showSkybox":true,"showFlares":true,"showImageEffects":true,"showParticleSystems":true},"in2DMode":false,"pivot":{"x":-0.4909999966621399,"y":1.4819999933242798,"z":0.4000000059604645},"rotation":{"x":0.025755491107702256,"y":0.06293204426765442,"z":-0.0016245234292000533,"w":0.997684121131897},"size":0.4041661024093628,"orthographic":false}